{
  "PageUrl": "/Admin/Bar/Config",
  "CoreVersion": "5.0.0",
  "PageGuid": "66628a9b-ba5e-4137-a996-9dd54849958c",
  "PageDef": {
    "Identity": 1035,
    "PageGuid": "66628a9b-ba5e-4137-a996-9dd54849958c",
    "SelectedSkin": {
      "Collection": null,
      "FileName": "Default"
    },
    "SelectedPopupSkin": {
      "Collection": null,
      "FileName": "Popup"
    },
    "TemplateGuid": null,
    "UnifiedSetGuid": null,
    "CssClass": "widecontentfill",
    "BootstrapSkin": null,
    "jQueryUISkin": null,
    "KendoUISkin": null,
    "Url": "/Admin/Bar/Config",
    "CanonicalUrl": null,
    "Title": {
      "en-US": "Settings"
    },
    "Description": {
      "en-US": "Administrator Settings"
    },
    "Keywords": {
      "en-US": ""
    },
    "Copyright": {
      "en-US": ""
    },
    "WantSearch": true,
    "Created": "2018-04-15T23:50:03.3885404",
    "Updated": "2019-08-11T01:41:02.6810038",
    "PageSecurity": 0,
    "StaticPage": 0,
    "IFrameUse": 0,
    "MobilePageUrl": null,
    "RedirectToPageUrl": null,
    "Analytics": null,
    "AnalyticsContent": null,
    "ExtraHead": null,
    "ExtraBodyTop": null,
    "ExtraBodyBottom": null,
    "PageMetaTags": null,
    "ChangeFrequency": 0,
    "SiteMapPriority": 50,
    "AllowedRoles": [
      {
        "RoleId": 1000,
        "View": 1,
        "Edit": 1,
        "Remove": 1
      }
    ],
    "AllowedUsers": [],
    "FavIcon_Data": "",
    "ReferencedModules": [],
    "RobotNoIndex": false,
    "RobotNoFollow": false,
    "RobotNoArchive": false,
    "RobotNoSnippet": false,
    "LanguageId": null,
    "ModuleDefinitions": [
      {
        "Pane": "Main",
        "ModuleGuid": "22280307-4ecc-41f1-ae55-bfb7ccf5f16a"
      }
    ]
  },
  "ModuleZips": [
    "22280307-4ecc-41f1-ae55-bfb7ccf5f16a.zip"
  ],
  "Files": [],
  "Roles": [
    {
      "RoleName": "Superuser",
      "RoleId": 997
    },
    {
      "RoleName": "Administrator",
      "RoleId": 1000
    },
    {
      "RoleName": "Editor",
      "RoleId": 1001
    },
    {
      "RoleName": "User",
      "RoleId": 998
    },
    {
      "RoleName": "User (two-step authentication setup required)",
      "RoleId": 996
    },
    {
      "RoleName": "Anonymous",
      "RoleId": 999
    }
  ],
  "Users": []
}