{
  "PageUrl": "/Admin/Bar/Dashboard",
  "CoreVersion": "5.0.0",
  "PageGuid": "94528ad5-4b3c-4dcb-8afa-81e1572c6604",
  "PageDef": {
    "Identity": 1065,
    "PageGuid": "94528ad5-4b3c-4dcb-8afa-81e1572c6604",
    "SelectedSkin": {
      "Collection": null,
      "FileName": "Default"
    },
    "SelectedPopupSkin": {
      "Collection": null,
      "FileName": "Popup"
    },
    "TemplateGuid": null,
    "UnifiedSetGuid": null,
    "CssClass": "widecontentfill",
    "BootstrapSkin": null,
    "jQueryUISkin": null,
    "KendoUISkin": null,
    "Url": "/Admin/Bar/Dashboard",
    "CanonicalUrl": null,
    "Title": {
      "en-US": "Dashboard"
    },
    "Description": {
      "en-US": "Administrator Dashboard"
    },
    "Keywords": {
      "en-US": ""
    },
    "Copyright": {
      "en-US": ""
    },
    "WantSearch": true,
    "Created": "2017-11-24T14:53:32.3323392",
    "Updated": "2019-08-11T01:41:10.498859",
    "PageSecurity": 0,
    "StaticPage": 0,
    "IFrameUse": 0,
    "MobilePageUrl": null,
    "RedirectToPageUrl": null,
    "Analytics": null,
    "AnalyticsContent": null,
    "ExtraHead": null,
    "ExtraBodyTop": null,
    "ExtraBodyBottom": null,
    "PageMetaTags": null,
    "ChangeFrequency": 0,
    "SiteMapPriority": 50,
    "AllowedRoles": [
      {
        "RoleId": 1000,
        "View": 1,
        "Edit": 1,
        "Remove": 1
      }
    ],
    "AllowedUsers": [],
    "FavIcon_Data": "",
    "ReferencedModules": [],
    "RobotNoIndex": false,
    "RobotNoFollow": false,
    "RobotNoArchive": false,
    "RobotNoSnippet": false,
    "LanguageId": null,
    "ModuleDefinitions": [
      {
        "Pane": "Main",
        "ModuleGuid": "e7f37274-970b-42c7-9009-f8a5fe1b0a64"
      }
    ]
  },
  "ModuleZips": [
    "e7f37274-970b-42c7-9009-f8a5fe1b0a64.zip"
  ],
  "Files": [],
  "Roles": [
    {
      "RoleName": "Superuser",
      "RoleId": 997
    },
    {
      "RoleName": "Administrator",
      "RoleId": 1000
    },
    {
      "RoleName": "Editor",
      "RoleId": 1001
    },
    {
      "RoleName": "User",
      "RoleId": 998
    },
    {
      "RoleName": "User (two-step authentication setup required)",
      "RoleId": 996
    },
    {
      "RoleName": "Anonymous",
      "RoleId": 999
    }
  ],
  "Users": []
}