{
  "PageUrl": "/UserNew",
  "CoreVersion": "5.0.0",
  "PageGuid": "79f08eff-1b39-478c-adea-bd2de58aa092",
  "PageDef": {
    "Identity": 1049,
    "PageGuid": "79f08eff-1b39-478c-adea-bd2de58aa092",
    "SelectedSkin": {
      "Collection": null,
      "FileName": "Default"
    },
    "SelectedPopupSkin": {
      "Collection": null,
      "FileName": "Popup"
    },
    "TemplateGuid": null,
    "UnifiedSetGuid": null,
    "CssClass": "widecontentfill",
    "BootstrapSkin": null,
    "jQueryUISkin": null,
    "KendoUISkin": null,
    "Url": "/UserNew",
    "CanonicalUrl": null,
    "Title": {
      "en-US": "User Panel"
    },
    "Description": {
      "en-US": "User Panel"
    },
    "Keywords": {
      "en-US": null
    },
    "Copyright": {
      "en-US": null
    },
    "WantSearch": true,
    "Created": "2019-08-10T02:19:49.0502673",
    "Updated": "2019-08-11T13:03:24.2854429",
    "PageSecurity": 0,
    "StaticPage": 0,
    "IFrameUse": 0,
    "MobilePageUrl": null,
    "RedirectToPageUrl": null,
    "Analytics": null,
    "AnalyticsContent": null,
    "ExtraHead": null,
    "ExtraBodyTop": null,
    "ExtraBodyBottom": null,
    "PageMetaTags": null,
    "ChangeFrequency": 0,
    "SiteMapPriority": 50,
    "AllowedRoles": [
      {
        "RoleId": 1000,
        "View": 1,
        "Edit": 1,
        "Remove": 1
      },
      {
        "RoleId": 999,
        "View": 1,
        "Edit": 0,
        "Remove": 0
      },
      {
        "RoleId": 998,
        "View": 1,
        "Edit": 0,
        "Remove": 0
      }
    ],
    "AllowedUsers": [],
    "FavIcon_Data": "",
    "ReferencedModules": [],
    "RobotNoIndex": false,
    "RobotNoFollow": false,
    "RobotNoArchive": false,
    "RobotNoSnippet": false,
    "LanguageId": null,
    "ModuleDefinitions": [
      {
        "Pane": "Main",
        "ModuleGuid": "87022d6f-0de7-4bef-8fef-846daa4d26d0"
      }
    ]
  },
  "ModuleZips": [
    "87022d6f-0de7-4bef-8fef-846daa4d26d0.zip"
  ],
  "Files": [],
  "Roles": [
    {
      "RoleName": "Superuser",
      "RoleId": 997
    },
    {
      "RoleName": "Administrator",
      "RoleId": 1000
    },
    {
      "RoleName": "Editor",
      "RoleId": 1001
    },
    {
      "RoleName": "User",
      "RoleId": 998
    },
    {
      "RoleName": "User (two-step authentication setup required)",
      "RoleId": 996
    },
    {
      "RoleName": "Anonymous",
      "RoleId": 999
    }
  ],
  "Users": []
}