{
  "PageUrl": "/Admin/Bar/Panel",
  "CoreVersion": "5.0.0",
  "PageGuid": "ba4c3531-be3a-4b7c-92b5-b00654b9e820",
  "PageDef": {
    "Identity": 1082,
    "PageGuid": "ba4c3531-be3a-4b7c-92b5-b00654b9e820",
    "SelectedSkin": {
      "Collection": null,
      "FileName": "Default"
    },
    "SelectedPopupSkin": {
      "Collection": null,
      "FileName": "Popup"
    },
    "TemplateGuid": null,
    "UnifiedSetGuid": null,
    "CssClass": "widecontentfill",
    "BootstrapSkin": null,
    "jQueryUISkin": null,
    "KendoUISkin": null,
    "Url": "/Admin/Bar/Panel",
    "CanonicalUrl": null,
    "Title": {
      "en-US": "Panel"
    },
    "Description": {
      "en-US": "Administrator Panel"
    },
    "Keywords": {
      "en-US": ""
    },
    "Copyright": {
      "en-US": ""
    },
    "WantSearch": true,
    "Created": "2019-08-10T12:54:03.8423874",
    "Updated": "2019-08-11T01:41:16.5349692",
    "PageSecurity": 0,
    "StaticPage": 0,
    "IFrameUse": 0,
    "MobilePageUrl": null,
    "RedirectToPageUrl": null,
    "Analytics": null,
    "AnalyticsContent": null,
    "ExtraHead": null,
    "ExtraBodyTop": null,
    "ExtraBodyBottom": null,
    "PageMetaTags": null,
    "ChangeFrequency": 0,
    "SiteMapPriority": 50,
    "AllowedRoles": [
      {
        "RoleId": 1000,
        "View": 1,
        "Edit": 1,
        "Remove": 1
      }
    ],
    "AllowedUsers": [],
    "FavIcon_Data": "",
    "ReferencedModules": [],
    "RobotNoIndex": false,
    "RobotNoFollow": false,
    "RobotNoArchive": false,
    "RobotNoSnippet": false,
    "LanguageId": null,
    "ModuleDefinitions": [
      {
        "Pane": "Main",
        "ModuleGuid": "7be1ee97-e4c3-4365-8de5-212d82a78dd7"
      }
    ]
  },
  "ModuleZips": [
    "7be1ee97-e4c3-4365-8de5-212d82a78dd7.zip"
  ],
  "Files": [],
  "Roles": [
    {
      "RoleName": "Superuser",
      "RoleId": 997
    },
    {
      "RoleName": "Administrator",
      "RoleId": 1000
    },
    {
      "RoleName": "Editor",
      "RoleId": 1001
    },
    {
      "RoleName": "User",
      "RoleId": 998
    },
    {
      "RoleName": "User (two-step authentication setup required)",
      "RoleId": 996
    },
    {
      "RoleName": "Anonymous",
      "RoleId": 999
    }
  ],
  "Users": []
}